"0","# estimate qte"
"0","# some of the following lines are not run due to computational limitation"
"0","qte.ldw <- est_qte(Y, treat, NULL, data = ldw)"
"1",""
"1"," "
"1"," |                                                  |"
"1"," "
"1","0 % ~calculating  "
"1",""
"1"," "
"1"," |+                                                 |"
"1"," "
"1","1 % ~05s          "
"1",""
"1"," "
"1"," |+                                                 |"
"1"," "
"1","2 % ~04s          "
"1",""
"1"," "
"1"," |++                                                |"
"1"," "
"1","3 % ~05s          "
"1",""
"1"," "
"1"," |++                                                |"
"1"," "
"1","4 % ~05s          "
"1",""
"1"," "
"1"," |+++                                               |"
"1"," "
"1","5 % ~05s          "
"1",""
"1"," "
"1"," |+++                                               |"
"1"," "
"1","6 % ~05s          "
"1",""
"1"," "
"1"," |++++                                              |"
"1"," "
"1","7 % ~05s          "
"1",""
"1"," "
"1"," |++++                                              |"
"1"," "
"1","8 % ~05s          "
"1",""
"1"," "
"1"," |+++++                                             |"
"1"," "
"1","9 % ~05s          "
"1",""
"1"," "
"1"," |+++++                                             |"
"1"," "
"1","10% ~05s          "
"1",""
"1"," "
"1"," |++++++                                            |"
"1"," "
"1","11% ~05s          "
"1",""
"1"," "
"1"," |++++++                                            |"
"1"," "
"1","12% ~04s          "
"1",""
"1"," "
"1"," |+++++++                                           |"
"1"," "
"1","13% ~04s          "
"1",""
"1"," "
"1"," |+++++++                                           |"
"1"," "
"1","14% ~04s          "
"1",""
"1"," "
"1"," |++++++++                                          |"
"1"," "
"1","15% ~04s          "
"1",""
"1"," "
"1"," |++++++++                                          |"
"1"," "
"1","16% ~04s          "
"1",""
"1"," "
"1"," |+++++++++                                         |"
"1"," "
"1","17% ~04s          "
"1",""
"1"," "
"1"," |+++++++++                                         |"
"1"," "
"1","18% ~04s          "
"1",""
"1"," "
"1"," |++++++++++                                        |"
"1"," "
"1","19% ~04s          "
"1",""
"1"," "
"1"," |++++++++++                                        |"
"1"," "
"1","20% ~04s          "
"1",""
"1"," "
"1"," |+++++++++++                                       |"
"1"," "
"1","21% ~04s          "
"1",""
"1"," "
"1"," |+++++++++++                                       |"
"1"," "
"1","22% ~04s          "
"1",""
"1"," "
"1"," |++++++++++++                                      |"
"1"," "
"1","23% ~04s          "
"1",""
"1"," "
"1"," |++++++++++++                                      |"
"1"," "
"1","24% ~03s          "
"1",""
"1"," "
"1"," |+++++++++++++                                     |"
"1"," "
"1","25% ~03s          "
"1",""
"1"," "
"1"," |+++++++++++++                                     |"
"1"," "
"1","26% ~03s          "
"1",""
"1"," "
"1"," |++++++++++++++                                    |"
"1"," "
"1","27% ~03s          "
"1",""
"1"," "
"1"," |++++++++++++++                                    |"
"1"," "
"1","28% ~03s          "
"1",""
"1"," "
"1"," |+++++++++++++++                                   |"
"1"," "
"1","29% ~03s          "
"1",""
"1"," "
"1"," |+++++++++++++++                                   |"
"1"," "
"1","30% ~03s          "
"1",""
"1"," "
"1"," |++++++++++++++++                                  |"
"1"," "
"1","31% ~03s          "
"1",""
"1"," "
"1"," |++++++++++++++++                                  |"
"1"," "
"1","32% ~03s          "
"1",""
"1"," "
"1"," |+++++++++++++++++                                 |"
"1"," "
"1","33% ~03s          "
"1",""
"1"," "
"1"," |+++++++++++++++++                                 |"
"1"," "
"1","34% ~03s          "
"1",""
"1"," "
"1"," |++++++++++++++++++                                |"
"1"," "
"1","35% ~03s          "
"1",""
"1"," "
"1"," |++++++++++++++++++                                |"
"1"," "
"1","36% ~03s          "
"1",""
"1"," "
"1"," |+++++++++++++++++++                               |"
"1"," "
"1","37% ~03s          "
"1",""
"1"," "
"1"," |+++++++++++++++++++                               |"
"1"," "
"1","38% ~03s          "
"1",""
"1"," "
"1"," |++++++++++++++++++++                              |"
"1"," "
"1","39% ~03s          "
"1",""
"1"," "
"1"," |++++++++++++++++++++                              |"
"1"," "
"1","40% ~02s          "
"1",""
"1"," "
"1"," |+++++++++++++++++++++                             |"
"1"," "
"1","41% ~02s          "
"1",""
"1"," "
"1"," |+++++++++++++++++++++                             |"
"1"," "
"1","42% ~02s          "
"1",""
"1"," "
"1"," |++++++++++++++++++++++                            |"
"1"," "
"1","43% ~02s          "
"1",""
"1"," "
"1"," |++++++++++++++++++++++                            |"
"1"," "
"1","44% ~02s          "
"1",""
"1"," "
"1"," |+++++++++++++++++++++++                           |"
"1"," "
"1","45% ~02s          "
"1",""
"1"," "
"1"," |+++++++++++++++++++++++                           |"
"1"," "
"1","46% ~02s          "
"1",""
"1"," "
"1"," |++++++++++++++++++++++++                          |"
"1"," "
"1","47% ~02s          "
"1",""
"1"," "
"1"," |++++++++++++++++++++++++                          |"
"1"," "
"1","48% ~02s          "
"1",""
"1"," "
"1"," |+++++++++++++++++++++++++                         |"
"1"," "
"1","49% ~02s          "
"1",""
"1"," "
"1"," |+++++++++++++++++++++++++                         |"
"1"," "
"1","50% ~02s          "
"1",""
"1"," "
"1"," |++++++++++++++++++++++++++                        |"
"1"," "
"1","51% ~02s          "
"1",""
"1"," "
"1"," |++++++++++++++++++++++++++                        |"
"1"," "
"1","52% ~02s          "
"1",""
"1"," "
"1"," |+++++++++++++++++++++++++++                       |"
"1"," "
"1","53% ~02s          "
"1",""
"1"," "
"1"," |+++++++++++++++++++++++++++                       |"
"1"," "
"1","54% ~02s          "
"1",""
"1"," "
"1"," |++++++++++++++++++++++++++++                      |"
"1"," "
"1","55% ~02s          "
"1",""
"1"," "
"1"," |++++++++++++++++++++++++++++                      |"
"1"," "
"1","56% ~02s          "
"1",""
"1"," "
"1"," |+++++++++++++++++++++++++++++                     |"
"1"," "
"1","57% ~02s          "
"1",""
"1"," "
"1"," |+++++++++++++++++++++++++++++                     |"
"1"," "
"1","58% ~02s          "
"1",""
"1"," "
"1"," |++++++++++++++++++++++++++++++                    |"
"1"," "
"1","59% ~02s          "
"1",""
"1"," "
"1"," |++++++++++++++++++++++++++++++                    |"
"1"," "
"1","60% ~02s          "
"1",""
"1"," "
"1"," |+++++++++++++++++++++++++++++++                   |"
"1"," "
"1","61% ~02s          "
"1",""
"1"," "
"1"," |+++++++++++++++++++++++++++++++                   |"
"1"," "
"1","62% ~02s          "
"1",""
"1"," "
"1"," |++++++++++++++++++++++++++++++++                  |"
"1"," "
"1","63% ~01s          "
"1",""
"1"," "
"1"," |++++++++++++++++++++++++++++++++                  |"
"1"," "
"1","64% ~01s          "
"1",""
"1"," "
"1"," |+++++++++++++++++++++++++++++++++                 |"
"1"," "
"1","65% ~01s          "
"1",""
"1"," "
"1"," |+++++++++++++++++++++++++++++++++                 |"
"1"," "
"1","66% ~01s          "
"1",""
"1"," "
"1"," |++++++++++++++++++++++++++++++++++                |"
"1"," "
"1","67% ~01s          "
"1",""
"1"," "
"1"," |++++++++++++++++++++++++++++++++++                |"
"1"," "
"1","68% ~01s          "
"1",""
"1"," "
"1"," |+++++++++++++++++++++++++++++++++++               |"
"1"," "
"1","69% ~01s          "
"1",""
"1"," "
"1"," |+++++++++++++++++++++++++++++++++++               |"
"1"," "
"1","70% ~01s          "
"1",""
"1"," "
"1"," |++++++++++++++++++++++++++++++++++++              |"
"1"," "
"1","71% ~01s          "
"1",""
"1"," "
"1"," |++++++++++++++++++++++++++++++++++++              |"
"1"," "
"1","72% ~01s          "
"1",""
"1"," "
"1"," |+++++++++++++++++++++++++++++++++++++             |"
"1"," "
"1","73% ~01s          "
"1",""
"1"," "
"1"," |+++++++++++++++++++++++++++++++++++++             |"
"1"," "
"1","74% ~01s          "
"1",""
"1"," "
"1"," |++++++++++++++++++++++++++++++++++++++            |"
"1"," "
"1","75% ~01s          "
"1",""
"1"," "
"1"," |++++++++++++++++++++++++++++++++++++++            |"
"1"," "
"1","76% ~01s          "
"1",""
"1"," "
"1"," |+++++++++++++++++++++++++++++++++++++++           |"
"1"," "
"1","77% ~01s          "
"1",""
"1"," "
"1"," |+++++++++++++++++++++++++++++++++++++++           |"
"1"," "
"1","78% ~01s          "
"1",""
"1"," "
"1"," |++++++++++++++++++++++++++++++++++++++++          |"
"1"," "
"1","79% ~01s          "
"1",""
"1"," "
"1"," |++++++++++++++++++++++++++++++++++++++++          |"
"1"," "
"1","80% ~01s          "
"1",""
"1"," "
"1"," |+++++++++++++++++++++++++++++++++++++++++         |"
"1"," "
"1","81% ~01s          "
"1",""
"1"," "
"1"," |+++++++++++++++++++++++++++++++++++++++++         |"
"1"," "
"1","82% ~01s          "
"1",""
"1"," "
"1"," |++++++++++++++++++++++++++++++++++++++++++        |"
"1"," "
"1","83% ~01s          "
"1",""
"1"," "
"1"," |++++++++++++++++++++++++++++++++++++++++++        |"
"1"," "
"1","84% ~01s          "
"1",""
"1"," "
"1"," |+++++++++++++++++++++++++++++++++++++++++++       |"
"1"," "
"1","85% ~01s          "
"1",""
"1"," "
"1"," |+++++++++++++++++++++++++++++++++++++++++++       |"
"1"," "
"1","86% ~01s          "
"1",""
"1"," "
"1"," |++++++++++++++++++++++++++++++++++++++++++++      |"
"1"," "
"1","87% ~01s          "
"1",""
"1"," "
"1"," |++++++++++++++++++++++++++++++++++++++++++++      |"
"1"," "
"1","88% ~00s          "
"1",""
"1"," "
"1"," |+++++++++++++++++++++++++++++++++++++++++++++     |"
"1"," "
"1","89% ~00s          "
"1",""
"1"," "
"1"," |+++++++++++++++++++++++++++++++++++++++++++++     |"
"1"," "
"1","90% ~00s          "
"1",""
"1"," "
"1"," |++++++++++++++++++++++++++++++++++++++++++++++    |"
"1"," "
"1","91% ~00s          "
"1",""
"1"," "
"1"," |++++++++++++++++++++++++++++++++++++++++++++++    |"
"1"," "
"1","92% ~00s          "
"1",""
"1"," "
"1"," |+++++++++++++++++++++++++++++++++++++++++++++++   |"
"1"," "
"1","93% ~00s          "
"1",""
"1"," "
"1"," |+++++++++++++++++++++++++++++++++++++++++++++++   |"
"1"," "
"1","94% ~00s          "
"1",""
"1"," "
"1"," |++++++++++++++++++++++++++++++++++++++++++++++++  |"
"1"," "
"1","95% ~00s          "
"1",""
"1"," "
"1"," |++++++++++++++++++++++++++++++++++++++++++++++++  |"
"1"," "
"1","96% ~00s          "
"1",""
"1"," "
"1"," |+++++++++++++++++++++++++++++++++++++++++++++++++ |"
"1"," "
"1","97% ~00s          "
"1",""
"1"," "
"1"," |+++++++++++++++++++++++++++++++++++++++++++++++++ |"
"1"," "
"1","98% ~00s          "
"1",""
"1"," "
"1"," |++++++++++++++++++++++++++++++++++++++++++++++++++|"
"1"," "
"1","99% ~00s          "
"1",""
"1"," "
"1"," |++++++++++++++++++++++++++++++++++++++++++++++++++|"
"1"," "
"1","100% elapsed=04s  "
"1","
"
"0","qte.ldw.cps <- est_qte(Y, treat, NULL, data = ldw_trim_cps)"
"1",""
"1"," "
"1"," |                                                  |"
"1"," "
"1","0 % ~calculating  "
"1",""
"1"," "
"1"," |+                                                 |"
"1"," "
"1","1 % ~03s          "
"1",""
"1"," "
"1"," |+                                                 |"
"1"," "
"1","2 % ~03s          "
"1",""
"1"," "
"1"," |++                                                |"
"1"," "
"1","3 % ~04s          "
"1",""
"1"," "
"1"," |++                                                |"
"1"," "
"1","4 % ~03s          "
"1",""
"1"," "
"1"," |+++                                               |"
"1"," "
"1","5 % ~03s          "
"1",""
"1"," "
"1"," |+++                                               |"
"1"," "
"1","6 % ~03s          "
"1",""
"1"," "
"1"," |++++                                              |"
"1"," "
"1","7 % ~03s          "
"1",""
"1"," "
"1"," |++++                                              |"
"1"," "
"1","8 % ~03s          "
"1",""
"1"," "
"1"," |+++++                                             |"
"1"," "
"1","9 % ~03s          "
"1",""
"1"," "
"1"," |+++++                                             |"
"1"," "
"1","10% ~03s          "
"1",""
"1"," "
"1"," |++++++                                            |"
"1"," "
"1","11% ~03s          "
"1",""
"1"," "
"1"," |++++++                                            |"
"1"," "
"1","12% ~03s          "
"1",""
"1"," "
"1"," |+++++++                                           |"
"1"," "
"1","13% ~02s          "
"1",""
"1"," "
"1"," |+++++++                                           |"
"1"," "
"1","14% ~02s          "
"1",""
"1"," "
"1"," |++++++++                                          |"
"1"," "
"1","15% ~02s          "
"1",""
"1"," "
"1"," |++++++++                                          |"
"1"," "
"1","16% ~02s          "
"1",""
"1"," "
"1"," |+++++++++                                         |"
"1"," "
"1","17% ~02s          "
"1",""
"1"," "
"1"," |+++++++++                                         |"
"1"," "
"1","18% ~02s          "
"1",""
"1"," "
"1"," |++++++++++                                        |"
"1"," "
"1","19% ~02s          "
"1",""
"1"," "
"1"," |++++++++++                                        |"
"1"," "
"1","20% ~02s          "
"1",""
"1"," "
"1"," |+++++++++++                                       |"
"1"," "
"1","21% ~02s          "
"1",""
"1"," "
"1"," |+++++++++++                                       |"
"1"," "
"1","22% ~02s          "
"1",""
"1"," "
"1"," |++++++++++++                                      |"
"1"," "
"1","23% ~02s          "
"1",""
"1"," "
"1"," |++++++++++++                                      |"
"1"," "
"1","24% ~02s          "
"1",""
"1"," "
"1"," |+++++++++++++                                     |"
"1"," "
"1","25% ~02s          "
"1",""
"1"," "
"1"," |+++++++++++++                                     |"
"1"," "
"1","26% ~02s          "
"1",""
"1"," "
"1"," |++++++++++++++                                    |"
"1"," "
"1","27% ~02s          "
"1",""
"1"," "
"1"," |++++++++++++++                                    |"
"1"," "
"1","28% ~02s          "
"1",""
"1"," "
"1"," |+++++++++++++++                                   |"
"1"," "
"1","29% ~02s          "
"1",""
"1"," "
"1"," |+++++++++++++++                                   |"
"1"," "
"1","30% ~02s          "
"1",""
"1"," "
"1"," |++++++++++++++++                                  |"
"1"," "
"1","31% ~02s          "
"1",""
"1"," "
"1"," |++++++++++++++++                                  |"
"1"," "
"1","32% ~02s          "
"1",""
"1"," "
"1"," |+++++++++++++++++                                 |"
"1"," "
"1","33% ~02s          "
"1",""
"1"," "
"1"," |+++++++++++++++++                                 |"
"1"," "
"1","34% ~02s          "
"1",""
"1"," "
"1"," |++++++++++++++++++                                |"
"1"," "
"1","35% ~02s          "
"1",""
"1"," "
"1"," |++++++++++++++++++                                |"
"1"," "
"1","36% ~02s          "
"1",""
"1"," "
"1"," |+++++++++++++++++++                               |"
"1"," "
"1","37% ~02s          "
"1",""
"1"," "
"1"," |+++++++++++++++++++                               |"
"1"," "
"1","38% ~02s          "
"1",""
"1"," "
"1"," |++++++++++++++++++++                              |"
"1"," "
"1","39% ~02s          "
"1",""
"1"," "
"1"," |++++++++++++++++++++                              |"
"1"," "
"1","40% ~02s          "
"1",""
"1"," "
"1"," |+++++++++++++++++++++                             |"
"1"," "
"1","41% ~02s          "
"1",""
"1"," "
"1"," |+++++++++++++++++++++                             |"
"1"," "
"1","42% ~02s          "
"1",""
"1"," "
"1"," |++++++++++++++++++++++                            |"
"1"," "
"1","43% ~02s          "
"1",""
"1"," "
"1"," |++++++++++++++++++++++                            |"
"1"," "
"1","44% ~02s          "
"1",""
"1"," "
"1"," |+++++++++++++++++++++++                           |"
"1"," "
"1","45% ~02s          "
"1",""
"1"," "
"1"," |+++++++++++++++++++++++                           |"
"1"," "
"1","46% ~02s          "
"1",""
"1"," "
"1"," |++++++++++++++++++++++++                          |"
"1"," "
"1","47% ~01s          "
"1",""
"1"," "
"1"," |++++++++++++++++++++++++                          |"
"1"," "
"1","48% ~01s          "
"1",""
"1"," "
"1"," |+++++++++++++++++++++++++                         |"
"1"," "
"1","49% ~01s          "
"1",""
"1"," "
"1"," |+++++++++++++++++++++++++                         |"
"1"," "
"1","50% ~01s          "
"1",""
"1"," "
"1"," |++++++++++++++++++++++++++                        |"
"1"," "
"1","51% ~01s          "
"1",""
"1"," "
"1"," |++++++++++++++++++++++++++                        |"
"1"," "
"1","52% ~01s          "
"1",""
"1"," "
"1"," |+++++++++++++++++++++++++++                       |"
"1"," "
"1","53% ~01s          "
"1",""
"1"," "
"1"," |+++++++++++++++++++++++++++                       |"
"1"," "
"1","54% ~01s          "
"1",""
"1"," "
"1"," |++++++++++++++++++++++++++++                      |"
"1"," "
"1","55% ~01s          "
"1",""
"1"," "
"1"," |++++++++++++++++++++++++++++                      |"
"1"," "
"1","56% ~01s          "
"1",""
"1"," "
"1"," |+++++++++++++++++++++++++++++                     |"
"1"," "
"1","57% ~01s          "
"1",""
"1"," "
"1"," |+++++++++++++++++++++++++++++                     |"
"1"," "
"1","58% ~01s          "
"1",""
"1"," "
"1"," |++++++++++++++++++++++++++++++                    |"
"1"," "
"1","59% ~01s          "
"1",""
"1"," "
"1"," |++++++++++++++++++++++++++++++                    |"
"1"," "
"1","60% ~01s          "
"1",""
"1"," "
"1"," |+++++++++++++++++++++++++++++++                   |"
"1"," "
"1","61% ~01s          "
"1",""
"1"," "
"1"," |+++++++++++++++++++++++++++++++                   |"
"1"," "
"1","62% ~01s          "
"1",""
"1"," "
"1"," |++++++++++++++++++++++++++++++++                  |"
"1"," "
"1","63% ~01s          "
"1",""
"1"," "
"1"," |++++++++++++++++++++++++++++++++                  |"
"1"," "
"1","64% ~01s          "
"1",""
"1"," "
"1"," |+++++++++++++++++++++++++++++++++                 |"
"1"," "
"1","65% ~01s          "
"1",""
"1"," "
"1"," |+++++++++++++++++++++++++++++++++                 |"
"1"," "
"1","66% ~01s          "
"1",""
"1"," "
"1"," |++++++++++++++++++++++++++++++++++                |"
"1"," "
"1","67% ~01s          "
"1",""
"1"," "
"1"," |++++++++++++++++++++++++++++++++++                |"
"1"," "
"1","68% ~01s          "
"1",""
"1"," "
"1"," |+++++++++++++++++++++++++++++++++++               |"
"1"," "
"1","69% ~01s          "
"1",""
"1"," "
"1"," |+++++++++++++++++++++++++++++++++++               |"
"1"," "
"1","70% ~01s          "
"1",""
"1"," "
"1"," |++++++++++++++++++++++++++++++++++++              |"
"1"," "
"1","71% ~01s          "
"1",""
"1"," "
"1"," |++++++++++++++++++++++++++++++++++++              |"
"1"," "
"1","72% ~01s          "
"1",""
"1"," "
"1"," |+++++++++++++++++++++++++++++++++++++             |"
"1"," "
"1","73% ~01s          "
"1",""
"1"," "
"1"," |+++++++++++++++++++++++++++++++++++++             |"
"1"," "
"1","74% ~01s          "
"1",""
"1"," "
"1"," |++++++++++++++++++++++++++++++++++++++            |"
"1"," "
"1","75% ~01s          "
"1",""
"1"," "
"1"," |++++++++++++++++++++++++++++++++++++++            |"
"1"," "
"1","76% ~01s          "
"1",""
"1"," "
"1"," |+++++++++++++++++++++++++++++++++++++++           |"
"1"," "
"1","77% ~01s          "
"1",""
"1"," "
"1"," |+++++++++++++++++++++++++++++++++++++++           |"
"1"," "
"1","78% ~01s          "
"1",""
"1"," "
"1"," |++++++++++++++++++++++++++++++++++++++++          |"
"1"," "
"1","79% ~01s          "
"1",""
"1"," "
"1"," |++++++++++++++++++++++++++++++++++++++++          |"
"1"," "
"1","80% ~01s          "
"1",""
"1"," "
"1"," |+++++++++++++++++++++++++++++++++++++++++         |"
"1"," "
"1","81% ~01s          "
"1",""
"1"," "
"1"," |+++++++++++++++++++++++++++++++++++++++++         |"
"1"," "
"1","82% ~01s          "
"1",""
"1"," "
"1"," |++++++++++++++++++++++++++++++++++++++++++        |"
"1"," "
"1","83% ~00s          "
"1",""
"1"," "
"1"," |++++++++++++++++++++++++++++++++++++++++++        |"
"1"," "
"1","84% ~00s          "
"1",""
"1"," "
"1"," |+++++++++++++++++++++++++++++++++++++++++++       |"
"1"," "
"1","85% ~00s          "
"1",""
"1"," "
"1"," |+++++++++++++++++++++++++++++++++++++++++++       |"
"1"," "
"1","86% ~00s          "
"1",""
"1"," "
"1"," |++++++++++++++++++++++++++++++++++++++++++++      |"
"1"," "
"1","87% ~00s          "
"1",""
"1"," "
"1"," |++++++++++++++++++++++++++++++++++++++++++++      |"
"1"," "
"1","88% ~00s          "
"1",""
"1"," "
"1"," |+++++++++++++++++++++++++++++++++++++++++++++     |"
"1"," "
"1","89% ~00s          "
"1",""
"1"," "
"1"," |+++++++++++++++++++++++++++++++++++++++++++++     |"
"1"," "
"1","90% ~00s          "
"1",""
"1"," "
"1"," |++++++++++++++++++++++++++++++++++++++++++++++    |"
"1"," "
"1","91% ~00s          "
"1",""
"1"," "
"1"," |++++++++++++++++++++++++++++++++++++++++++++++    |"
"1"," "
"1","92% ~00s          "
"1",""
"1"," "
"1"," |+++++++++++++++++++++++++++++++++++++++++++++++   |"
"1"," "
"1","93% ~00s          "
"1",""
"1"," "
"1"," |+++++++++++++++++++++++++++++++++++++++++++++++   |"
"1"," "
"1","94% ~00s          "
"1",""
"1"," "
"1"," |++++++++++++++++++++++++++++++++++++++++++++++++  |"
"1"," "
"1","95% ~00s          "
"1",""
"1"," "
"1"," |++++++++++++++++++++++++++++++++++++++++++++++++  |"
"1"," "
"1","96% ~00s          "
"1",""
"1"," "
"1"," |+++++++++++++++++++++++++++++++++++++++++++++++++ |"
"1"," "
"1","97% ~00s          "
"1",""
"1"," "
"1"," |+++++++++++++++++++++++++++++++++++++++++++++++++ |"
"1"," "
"1","98% ~00s          "
"1",""
"1"," "
"1"," |++++++++++++++++++++++++++++++++++++++++++++++++++|"
"1"," "
"1","99% ~00s          "
"1",""
"1"," "
"1"," |++++++++++++++++++++++++++++++++++++++++++++++++++|"
"1"," "
"1","100% elapsed=03s  "
"1","
"
"0","qte.ldw.psid <- est_qte(Y, treat, NULL, data = ldw_trim_psid)"
"1",""
"1"," "
"1"," |                                                  |"
"1"," "
"1","0 % ~calculating  "
"1",""
"1"," "
"1"," |+                                                 |"
"1"," "
"1","1 % ~03s          "
"1",""
"1"," "
"1"," |+                                                 |"
"1"," "
"1","2 % ~02s          "
"1",""
"1"," "
"1"," |++                                                |"
"1"," "
"1","3 % ~02s          "
"1",""
"1"," "
"1"," |++                                                |"
"1"," "
"1","4 % ~02s          "
"1",""
"1"," "
"1"," |+++                                               |"
"1"," "
"1","5 % ~02s          "
"1",""
"1"," "
"1"," |+++                                               |"
"1"," "
"1","6 % ~02s          "
"1",""
"1"," "
"1"," |++++                                              |"
"1"," "
"1","7 % ~02s          "
"1",""
"1"," "
"1"," |++++                                              |"
"1"," "
"1","8 % ~02s          "
"1",""
"1"," "
"1"," |+++++                                             |"
"1"," "
"1","9 % ~02s          "
"1",""
"1"," "
"1"," |+++++                                             |"
"1"," "
"1","10% ~02s          "
"1",""
"1"," "
"1"," |++++++                                            |"
"1"," "
"1","11% ~02s          "
"1",""
"1"," "
"1"," |++++++                                            |"
"1"," "
"1","12% ~02s          "
"1",""
"1"," "
"1"," |+++++++                                           |"
"1"," "
"1","13% ~02s          "
"1",""
"1"," "
"1"," |+++++++                                           |"
"1"," "
"1","14% ~02s          "
"1",""
"1"," "
"1"," |++++++++                                          |"
"1"," "
"1","15% ~02s          "
"1",""
"1"," "
"1"," |++++++++                                          |"
"1"," "
"1","16% ~02s          "
"1",""
"1"," "
"1"," |+++++++++                                         |"
"1"," "
"1","17% ~02s          "
"1",""
"1"," "
"1"," |+++++++++                                         |"
"1"," "
"1","18% ~02s          "
"1",""
"1"," "
"1"," |++++++++++                                        |"
"1"," "
"1","19% ~02s          "
"1",""
"1"," "
"1"," |++++++++++                                        |"
"1"," "
"1","20% ~02s          "
"1",""
"1"," "
"1"," |+++++++++++                                       |"
"1"," "
"1","21% ~02s          "
"1",""
"1"," "
"1"," |+++++++++++                                       |"
"1"," "
"1","22% ~02s          "
"1",""
"1"," "
"1"," |++++++++++++                                      |"
"1"," "
"1","23% ~02s          "
"1",""
"1"," "
"1"," |++++++++++++                                      |"
"1"," "
"1","24% ~02s          "
"1",""
"1"," "
"1"," |+++++++++++++                                     |"
"1"," "
"1","25% ~02s          "
"1",""
"1"," "
"1"," |+++++++++++++                                     |"
"1"," "
"1","26% ~02s          "
"1",""
"1"," "
"1"," |++++++++++++++                                    |"
"1"," "
"1","27% ~02s          "
"1",""
"1"," "
"1"," |++++++++++++++                                    |"
"1"," "
"1","28% ~01s          "
"1",""
"1"," "
"1"," |+++++++++++++++                                   |"
"1"," "
"1","29% ~01s          "
"1",""
"1"," "
"1"," |+++++++++++++++                                   |"
"1"," "
"1","30% ~01s          "
"1",""
"1"," "
"1"," |++++++++++++++++                                  |"
"1"," "
"1","31% ~01s          "
"1",""
"1"," "
"1"," |++++++++++++++++                                  |"
"1"," "
"1","32% ~01s          "
"1",""
"1"," "
"1"," |+++++++++++++++++                                 |"
"1"," "
"1","33% ~01s          "
"1",""
"1"," "
"1"," |+++++++++++++++++                                 |"
"1"," "
"1","34% ~01s          "
"1",""
"1"," "
"1"," |++++++++++++++++++                                |"
"1"," "
"1","35% ~01s          "
"1",""
"1"," "
"1"," |++++++++++++++++++                                |"
"1"," "
"1","36% ~01s          "
"1",""
"1"," "
"1"," |+++++++++++++++++++                               |"
"1"," "
"1","37% ~01s          "
"1",""
"1"," "
"1"," |+++++++++++++++++++                               |"
"1"," "
"1","38% ~01s          "
"1",""
"1"," "
"1"," |++++++++++++++++++++                              |"
"1"," "
"1","39% ~01s          "
"1",""
"1"," "
"1"," |++++++++++++++++++++                              |"
"1"," "
"1","40% ~01s          "
"1",""
"1"," "
"1"," |+++++++++++++++++++++                             |"
"1"," "
"1","41% ~01s          "
"1",""
"1"," "
"1"," |+++++++++++++++++++++                             |"
"1"," "
"1","42% ~01s          "
"1",""
"1"," "
"1"," |++++++++++++++++++++++                            |"
"1"," "
"1","43% ~01s          "
"1",""
"1"," "
"1"," |++++++++++++++++++++++                            |"
"1"," "
"1","44% ~01s          "
"1",""
"1"," "
"1"," |+++++++++++++++++++++++                           |"
"1"," "
"1","45% ~01s          "
"1",""
"1"," "
"1"," |+++++++++++++++++++++++                           |"
"1"," "
"1","46% ~01s          "
"1",""
"1"," "
"1"," |++++++++++++++++++++++++                          |"
"1"," "
"1","47% ~01s          "
"1",""
"1"," "
"1"," |++++++++++++++++++++++++                          |"
"1"," "
"1","48% ~01s          "
"1",""
"1"," "
"1"," |+++++++++++++++++++++++++                         |"
"1"," "
"1","49% ~01s          "
"1",""
"1"," "
"1"," |+++++++++++++++++++++++++                         |"
"1"," "
"1","50% ~01s          "
"1",""
"1"," "
"1"," |++++++++++++++++++++++++++                        |"
"1"," "
"1","51% ~01s          "
"1",""
"1"," "
"1"," |++++++++++++++++++++++++++                        |"
"1"," "
"1","52% ~01s          "
"1",""
"1"," "
"1"," |+++++++++++++++++++++++++++                       |"
"1"," "
"1","53% ~01s          "
"1",""
"1"," "
"1"," |+++++++++++++++++++++++++++                       |"
"1"," "
"1","54% ~01s          "
"1",""
"1"," "
"1"," |++++++++++++++++++++++++++++                      |"
"1"," "
"1","55% ~01s          "
"1",""
"1"," "
"1"," |++++++++++++++++++++++++++++                      |"
"1"," "
"1","56% ~01s          "
"1",""
"1"," "
"1"," |+++++++++++++++++++++++++++++                     |"
"1"," "
"1","57% ~01s          "
"1",""
"1"," "
"1"," |+++++++++++++++++++++++++++++                     |"
"1"," "
"1","58% ~01s          "
"1",""
"1"," "
"1"," |++++++++++++++++++++++++++++++                    |"
"1"," "
"1","59% ~01s          "
"1",""
"1"," "
"1"," |++++++++++++++++++++++++++++++                    |"
"1"," "
"1","60% ~01s          "
"1",""
"1"," "
"1"," |+++++++++++++++++++++++++++++++                   |"
"1"," "
"1","61% ~01s          "
"1",""
"1"," "
"1"," |+++++++++++++++++++++++++++++++                   |"
"1"," "
"1","62% ~01s          "
"1",""
"1"," "
"1"," |++++++++++++++++++++++++++++++++                  |"
"1"," "
"1","63% ~01s          "
"1",""
"1"," "
"1"," |++++++++++++++++++++++++++++++++                  |"
"1"," "
"1","64% ~01s          "
"1",""
"1"," "
"1"," |+++++++++++++++++++++++++++++++++                 |"
"1"," "
"1","65% ~01s          "
"1",""
"1"," "
"1"," |+++++++++++++++++++++++++++++++++                 |"
"1"," "
"1","66% ~01s          "
"1",""
"1"," "
"1"," |++++++++++++++++++++++++++++++++++                |"
"1"," "
"1","67% ~01s          "
"1",""
"1"," "
"1"," |++++++++++++++++++++++++++++++++++                |"
"1"," "
"1","68% ~01s          "
"1",""
"1"," "
"1"," |+++++++++++++++++++++++++++++++++++               |"
"1"," "
"1","69% ~01s          "
"1",""
"1"," "
"1"," |+++++++++++++++++++++++++++++++++++               |"
"1"," "
"1","70% ~01s          "
"1",""
"1"," "
"1"," |++++++++++++++++++++++++++++++++++++              |"
"1"," "
"1","71% ~01s          "
"1",""
"1"," "
"1"," |++++++++++++++++++++++++++++++++++++              |"
"1"," "
"1","72% ~01s          "
"1",""
"1"," "
"1"," |+++++++++++++++++++++++++++++++++++++             |"
"1"," "
"1","73% ~01s          "
"1",""
"1"," "
"1"," |+++++++++++++++++++++++++++++++++++++             |"
"1"," "
"1","74% ~01s          "
"1",""
"1"," "
"1"," |++++++++++++++++++++++++++++++++++++++            |"
"1"," "
"1","75% ~01s          "
"1",""
"1"," "
"1"," |++++++++++++++++++++++++++++++++++++++            |"
"1"," "
"1","76% ~01s          "
"1",""
"1"," "
"1"," |+++++++++++++++++++++++++++++++++++++++           |"
"1"," "
"1","77% ~01s          "
"1",""
"1"," "
"1"," |+++++++++++++++++++++++++++++++++++++++           |"
"1"," "
"1","78% ~01s          "
"1",""
"1"," "
"1"," |++++++++++++++++++++++++++++++++++++++++          |"
"1"," "
"1","79% ~01s          "
"1",""
"1"," "
"1"," |++++++++++++++++++++++++++++++++++++++++          |"
"1"," "
"1","80% ~00s          "
"1",""
"1"," "
"1"," |+++++++++++++++++++++++++++++++++++++++++         |"
"1"," "
"1","81% ~00s          "
"1",""
"1"," "
"1"," |+++++++++++++++++++++++++++++++++++++++++         |"
"1"," "
"1","82% ~00s          "
"1",""
"1"," "
"1"," |++++++++++++++++++++++++++++++++++++++++++        |"
"1"," "
"1","83% ~00s          "
"1",""
"1"," "
"1"," |++++++++++++++++++++++++++++++++++++++++++        |"
"1"," "
"1","84% ~00s          "
"1",""
"1"," "
"1"," |+++++++++++++++++++++++++++++++++++++++++++       |"
"1"," "
"1","85% ~00s          "
"1",""
"1"," "
"1"," |+++++++++++++++++++++++++++++++++++++++++++       |"
"1"," "
"1","86% ~00s          "
"1",""
"1"," "
"1"," |++++++++++++++++++++++++++++++++++++++++++++      |"
"1"," "
"1","87% ~00s          "
"1",""
"1"," "
"1"," |++++++++++++++++++++++++++++++++++++++++++++      |"
"1"," "
"1","88% ~00s          "
"1",""
"1"," "
"1"," |+++++++++++++++++++++++++++++++++++++++++++++     |"
"1"," "
"1","89% ~00s          "
"1",""
"1"," "
"1"," |+++++++++++++++++++++++++++++++++++++++++++++     |"
"1"," "
"1","90% ~00s          "
"1",""
"1"," "
"1"," |++++++++++++++++++++++++++++++++++++++++++++++    |"
"1"," "
"1","91% ~00s          "
"1",""
"1"," "
"1"," |++++++++++++++++++++++++++++++++++++++++++++++    |"
"1"," "
"1","92% ~00s          "
"1",""
"1"," "
"1"," |+++++++++++++++++++++++++++++++++++++++++++++++   |"
"1"," "
"1","93% ~00s          "
"1",""
"1"," "
"1"," |+++++++++++++++++++++++++++++++++++++++++++++++   |"
"1"," "
"1","94% ~00s          "
"1",""
"1"," "
"1"," |++++++++++++++++++++++++++++++++++++++++++++++++  |"
"1"," "
"1","95% ~00s          "
"1",""
"1"," "
"1"," |++++++++++++++++++++++++++++++++++++++++++++++++  |"
"1"," "
"1","96% ~00s          "
"1",""
"1"," "
"1"," |+++++++++++++++++++++++++++++++++++++++++++++++++ |"
"1"," "
"1","97% ~00s          "
"1",""
"1"," "
"1"," |+++++++++++++++++++++++++++++++++++++++++++++++++ |"
"1"," "
"1","98% ~00s          "
"1",""
"1"," "
"1"," |++++++++++++++++++++++++++++++++++++++++++++++++++|"
"1"," "
"1","99% ~00s          "
"1",""
"1"," "
"1"," |++++++++++++++++++++++++++++++++++++++++++++++++++|"
"1"," "
"1","100% elapsed=02s  "
"1","
"
"0","#qte.lcps <- est_qte(Y, treat, covar, data = lcps) # adjusted"
"0","#qte.lcps0 <- est_qte(Y, treat, NULL, data = lcps) # unadjusted"
"0","qte.lcps.trim <- est_qte(Y, treat, covar, data = ldw_cps_trim) # adjusted"
"1",""
"1"," "
"1"," |                                                  |"
"1"," "
"1","0 % ~calculating  "
"1",""
"1"," "
"1"," |+                                                 |"
"1"," "
"1","1 % ~13s          "
"1",""
"1"," "
"1"," |+                                                 |"
"1"," "
"1","2 % ~13s          "
"1",""
"1"," "
"1"," |++                                                |"
"1"," "
"1","3 % ~13s          "
"1",""
"1"," "
"1"," |++                                                |"
"1"," "
"1","4 % ~13s          "
"1",""
"1"," "
"1"," |+++                                               |"
"1"," "
"1","5 % ~13s          "
"1",""
"1"," "
"1"," |+++                                               |"
"1"," "
"1","6 % ~12s          "
"1",""
"1"," "
"1"," |++++                                              |"
"1"," "
"1","7 % ~12s          "
"1",""
"1"," "
"1"," |++++                                              |"
"1"," "
"1","8 % ~12s          "
"1",""
"1"," "
"1"," |+++++                                             |"
"1"," "
"1","9 % ~12s          "
"1",""
"1"," "
"1"," |+++++                                             |"
"1"," "
"1","10% ~12s          "
"1",""
"1"," "
"1"," |++++++                                            |"
"1"," "
"1","11% ~12s          "
"1",""
"1"," "
"1"," |++++++                                            |"
"1"," "
"1","12% ~12s          "
"1",""
"1"," "
"1"," |+++++++                                           |"
"1"," "
"1","13% ~11s          "
"1",""
"1"," "
"1"," |+++++++                                           |"
"1"," "
"1","14% ~11s          "
"1",""
"1"," "
"1"," |++++++++                                          |"
"1"," "
"1","15% ~11s          "
"1",""
"1"," "
"1"," |++++++++                                          |"
"1"," "
"1","16% ~11s          "
"1",""
"1"," "
"1"," |+++++++++                                         |"
"1"," "
"1","17% ~11s          "
"1",""
"1"," "
"1"," |+++++++++                                         |"
"1"," "
"1","18% ~11s          "
"1",""
"1"," "
"1"," |++++++++++                                        |"
"1"," "
"1","19% ~11s          "
"1",""
"1"," "
"1"," |++++++++++                                        |"
"1"," "
"1","20% ~10s          "
"1",""
"1"," "
"1"," |+++++++++++                                       |"
"1"," "
"1","21% ~10s          "
"1",""
"1"," "
"1"," |+++++++++++                                       |"
"1"," "
"1","22% ~10s          "
"1",""
"1"," "
"1"," |++++++++++++                                      |"
"1"," "
"1","23% ~10s          "
"1",""
"1"," "
"1"," |++++++++++++                                      |"
"1"," "
"1","24% ~10s          "
"1",""
"1"," "
"1"," |+++++++++++++                                     |"
"1"," "
"1","25% ~10s          "
"1",""
"1"," "
"1"," |+++++++++++++                                     |"
"1"," "
"1","26% ~10s          "
"1",""
"1"," "
"1"," |++++++++++++++                                    |"
"1"," "
"1","27% ~09s          "
"1",""
"1"," "
"1"," |++++++++++++++                                    |"
"1"," "
"1","28% ~09s          "
"1",""
"1"," "
"1"," |+++++++++++++++                                   |"
"1"," "
"1","29% ~09s          "
"1",""
"1"," "
"1"," |+++++++++++++++                                   |"
"1"," "
"1","30% ~09s          "
"1",""
"1"," "
"1"," |++++++++++++++++                                  |"
"1"," "
"1","31% ~09s          "
"1",""
"1"," "
"1"," |++++++++++++++++                                  |"
"1"," "
"1","32% ~09s          "
"1",""
"1"," "
"1"," |+++++++++++++++++                                 |"
"1"," "
"1","33% ~09s          "
"1",""
"1"," "
"1"," |+++++++++++++++++                                 |"
"1"," "
"1","34% ~09s          "
"1",""
"1"," "
"1"," |++++++++++++++++++                                |"
"1"," "
"1","35% ~09s          "
"1",""
"1"," "
"1"," |++++++++++++++++++                                |"
"1"," "
"1","36% ~09s          "
"1",""
"1"," "
"1"," |+++++++++++++++++++                               |"
"1"," "
"1","37% ~08s          "
"1",""
"1"," "
"1"," |+++++++++++++++++++                               |"
"1"," "
"1","38% ~08s          "
"1",""
"1"," "
"1"," |++++++++++++++++++++                              |"
"1"," "
"1","39% ~08s          "
"1",""
"1"," "
"1"," |++++++++++++++++++++                              |"
"1"," "
"1","40% ~08s          "
"1",""
"1"," "
"1"," |+++++++++++++++++++++                             |"
"1"," "
"1","41% ~08s          "
"1",""
"1"," "
"1"," |+++++++++++++++++++++                             |"
"1"," "
"1","42% ~08s          "
"1",""
"1"," "
"1"," |++++++++++++++++++++++                            |"
"1"," "
"1","43% ~08s          "
"1",""
"1"," "
"1"," |++++++++++++++++++++++                            |"
"1"," "
"1","44% ~07s          "
"1",""
"1"," "
"1"," |+++++++++++++++++++++++                           |"
"1"," "
"1","45% ~07s          "
"1",""
"1"," "
"1"," |+++++++++++++++++++++++                           |"
"1"," "
"1","46% ~07s          "
"1",""
"1"," "
"1"," |++++++++++++++++++++++++                          |"
"1"," "
"1","47% ~07s          "
"1",""
"1"," "
"1"," |++++++++++++++++++++++++                          |"
"1"," "
"1","48% ~07s          "
"1",""
"1"," "
"1"," |+++++++++++++++++++++++++                         |"
"1"," "
"1","49% ~07s          "
"1",""
"1"," "
"1"," |+++++++++++++++++++++++++                         |"
"1"," "
"1","50% ~07s          "
"1",""
"1"," "
"1"," |++++++++++++++++++++++++++                        |"
"1"," "
"1","51% ~07s          "
"1",""
"1"," "
"1"," |++++++++++++++++++++++++++                        |"
"1"," "
"1","52% ~06s          "
"1",""
"1"," "
"1"," |+++++++++++++++++++++++++++                       |"
"1"," "
"1","53% ~09s          "
"1",""
"1"," "
"1"," |+++++++++++++++++++++++++++                       |"
"1"," "
"1","54% ~08s          "
"1",""
"1"," "
"1"," |++++++++++++++++++++++++++++                      |"
"1"," "
"1","55% ~08s          "
"1",""
"1"," "
"1"," |++++++++++++++++++++++++++++                      |"
"1"," "
"1","56% ~08s          "
"1",""
"1"," "
"1"," |+++++++++++++++++++++++++++++                     |"
"1"," "
"1","57% ~08s          "
"1",""
"1"," "
"1"," |+++++++++++++++++++++++++++++                     |"
"1"," "
"1","58% ~08s          "
"1",""
"1"," "
"1"," |++++++++++++++++++++++++++++++                    |"
"1"," "
"1","59% ~07s          "
"1",""
"1"," "
"1"," |++++++++++++++++++++++++++++++                    |"
"1"," "
"1","60% ~07s          "
"1",""
"1"," "
"1"," |+++++++++++++++++++++++++++++++                   |"
"1"," "
"1","61% ~07s          "
"1",""
"1"," "
"1"," |+++++++++++++++++++++++++++++++                   |"
"1"," "
"1","62% ~07s          "
"1",""
"1"," "
"1"," |++++++++++++++++++++++++++++++++                  |"
"1"," "
"1","63% ~07s          "
"1",""
"1"," "
"1"," |++++++++++++++++++++++++++++++++                  |"
"1"," "
"1","64% ~06s          "
"1",""
"1"," "
"1"," |+++++++++++++++++++++++++++++++++                 |"
"1"," "
"1","65% ~06s          "
"1",""
"1"," "
"1"," |+++++++++++++++++++++++++++++++++                 |"
"1"," "
"1","66% ~06s          "
"1",""
"1"," "
"1"," |++++++++++++++++++++++++++++++++++                |"
"1"," "
"1","67% ~06s          "
"1",""
"1"," "
"1"," |++++++++++++++++++++++++++++++++++                |"
"1"," "
"1","68% ~06s          "
"1",""
"1"," "
"1"," |+++++++++++++++++++++++++++++++++++               |"
"1"," "
"1","69% ~05s          "
"1",""
"1"," "
"1"," |+++++++++++++++++++++++++++++++++++               |"
"1"," "
"1","70% ~05s          "
"1",""
"1"," "
"1"," |++++++++++++++++++++++++++++++++++++              |"
"1"," "
"1","71% ~05s          "
"1",""
"1"," "
"1"," |++++++++++++++++++++++++++++++++++++              |"
"1"," "
"1","72% ~05s          "
"1",""
"1"," "
"1"," |+++++++++++++++++++++++++++++++++++++             |"
"1"," "
"1","73% ~05s          "
"1",""
"1"," "
"1"," |+++++++++++++++++++++++++++++++++++++             |"
"1"," "
"1","74% ~04s          "
"1",""
"1"," "
"1"," |++++++++++++++++++++++++++++++++++++++            |"
"1"," "
"1","75% ~04s          "
"1",""
"1"," "
"1"," |++++++++++++++++++++++++++++++++++++++            |"
"1"," "
"1","76% ~04s          "
"1",""
"1"," "
"1"," |+++++++++++++++++++++++++++++++++++++++           |"
"1"," "
"1","77% ~04s          "
"1",""
"1"," "
"1"," |+++++++++++++++++++++++++++++++++++++++           |"
"1"," "
"1","78% ~04s          "
"1",""
"1"," "
"1"," |++++++++++++++++++++++++++++++++++++++++          |"
"1"," "
"1","79% ~04s          "
"1",""
"1"," "
"1"," |++++++++++++++++++++++++++++++++++++++++          |"
"1"," "
"1","80% ~03s          "
"1",""
"1"," "
"1"," |+++++++++++++++++++++++++++++++++++++++++         |"
"1"," "
"1","81% ~03s          "
"1",""
"1"," "
"1"," |+++++++++++++++++++++++++++++++++++++++++         |"
"1"," "
"1","82% ~03s          "
"1",""
"1"," "
"1"," |++++++++++++++++++++++++++++++++++++++++++        |"
"1"," "
"1","83% ~03s          "
"1",""
"1"," "
"1"," |++++++++++++++++++++++++++++++++++++++++++        |"
"1"," "
"1","84% ~03s          "
"1",""
"1"," "
"1"," |+++++++++++++++++++++++++++++++++++++++++++       |"
"1"," "
"1","85% ~02s          "
"1",""
"1"," "
"1"," |+++++++++++++++++++++++++++++++++++++++++++       |"
"1"," "
"1","86% ~02s          "
"1",""
"1"," "
"1"," |++++++++++++++++++++++++++++++++++++++++++++      |"
"1"," "
"1","87% ~02s          "
"1",""
"1"," "
"1"," |++++++++++++++++++++++++++++++++++++++++++++      |"
"1"," "
"1","88% ~02s          "
"1",""
"1"," "
"1"," |+++++++++++++++++++++++++++++++++++++++++++++     |"
"1"," "
"1","89% ~02s          "
"1",""
"1"," "
"1"," |+++++++++++++++++++++++++++++++++++++++++++++     |"
"1"," "
"1","90% ~02s          "
"1",""
"1"," "
"1"," |++++++++++++++++++++++++++++++++++++++++++++++    |"
"1"," "
"1","91% ~01s          "
"1",""
"1"," "
"1"," |++++++++++++++++++++++++++++++++++++++++++++++    |"
"1"," "
"1","92% ~01s          "
"1",""
"1"," "
"1"," |+++++++++++++++++++++++++++++++++++++++++++++++   |"
"1"," "
"1","93% ~01s          "
"1",""
"1"," "
"1"," |+++++++++++++++++++++++++++++++++++++++++++++++   |"
"1"," "
"1","94% ~01s          "
"1",""
"1"," "
"1"," |++++++++++++++++++++++++++++++++++++++++++++++++  |"
"1"," "
"1","95% ~01s          "
"1",""
"1"," "
"1"," |++++++++++++++++++++++++++++++++++++++++++++++++  |"
"1"," "
"1","96% ~01s          "
"1",""
"1"," "
"1"," |+++++++++++++++++++++++++++++++++++++++++++++++++ |"
"1"," "
"1","97% ~00s          "
"1",""
"1"," "
"1"," |+++++++++++++++++++++++++++++++++++++++++++++++++ |"
"1"," "
"1","98% ~00s          "
"1",""
"1"," "
"1"," |++++++++++++++++++++++++++++++++++++++++++++++++++|"
"1"," "
"1","99% ~00s          "
"1",""
"1"," "
"1"," |++++++++++++++++++++++++++++++++++++++++++++++++++|"
"1"," "
"1","100% elapsed=16s  "
"1","
"
"0","qte.lcps.trim0 <- est_qte(Y, treat, NULL, data = ldw_cps_trim) # unadjusted"
"1",""
"1"," "
"1"," |                                                  |"
"1"," "
"1","0 % ~calculating  "
"1",""
"1"," "
"1"," |+                                                 |"
"1"," "
"1","1 % ~03s          "
"1",""
"1"," "
"1"," |+                                                 |"
"1"," "
"1","2 % ~02s          "
"1",""
"1"," "
"1"," |++                                                |"
"1"," "
"1","3 % ~03s          "
"1",""
"1"," "
"1"," |++                                                |"
"1"," "
"1","4 % ~03s          "
"1",""
"1"," "
"1"," |+++                                               |"
"1"," "
"1","5 % ~03s          "
"1",""
"1"," "
"1"," |+++                                               |"
"1"," "
"1","6 % ~03s          "
"1",""
"1"," "
"1"," |++++                                              |"
"1"," "
"1","7 % ~03s          "
"1",""
"1"," "
"1"," |++++                                              |"
"1"," "
"1","8 % ~03s          "
"1",""
"1"," "
"1"," |+++++                                             |"
"1"," "
"1","9 % ~03s          "
"1",""
"1"," "
"1"," |+++++                                             |"
"1"," "
"1","10% ~03s          "
"1",""
"1"," "
"1"," |++++++                                            |"
"1"," "
"1","11% ~03s          "
"1",""
"1"," "
"1"," |++++++                                            |"
"1"," "
"1","12% ~03s          "
"1",""
"1"," "
"1"," |+++++++                                           |"
"1"," "
"1","13% ~03s          "
"1",""
"1"," "
"1"," |+++++++                                           |"
"1"," "
"1","14% ~03s          "
"1",""
"1"," "
"1"," |++++++++                                          |"
"1"," "
"1","15% ~02s          "
"1",""
"1"," "
"1"," |++++++++                                          |"
"1"," "
"1","16% ~03s          "
"1",""
"1"," "
"1"," |+++++++++                                         |"
"1"," "
"1","17% ~03s          "
"1",""
"1"," "
"1"," |+++++++++                                         |"
"1"," "
"1","18% ~03s          "
"1",""
"1"," "
"1"," |++++++++++                                        |"
"1"," "
"1","19% ~03s          "
"1",""
"1"," "
"1"," |++++++++++                                        |"
"1"," "
"1","20% ~02s          "
"1",""
"1"," "
"1"," |+++++++++++                                       |"
"1"," "
"1","21% ~02s          "
"1",""
"1"," "
"1"," |+++++++++++                                       |"
"1"," "
"1","22% ~02s          "
"1",""
"1"," "
"1"," |++++++++++++                                      |"
"1"," "
"1","23% ~02s          "
"1",""
"1"," "
"1"," |++++++++++++                                      |"
"1"," "
"1","24% ~02s          "
"1",""
"1"," "
"1"," |+++++++++++++                                     |"
"1"," "
"1","25% ~02s          "
"1",""
"1"," "
"1"," |+++++++++++++                                     |"
"1"," "
"1","26% ~02s          "
"1",""
"1"," "
"1"," |++++++++++++++                                    |"
"1"," "
"1","27% ~02s          "
"1",""
"1"," "
"1"," |++++++++++++++                                    |"
"1"," "
"1","28% ~02s          "
"1",""
"1"," "
"1"," |+++++++++++++++                                   |"
"1"," "
"1","29% ~02s          "
"1",""
"1"," "
"1"," |+++++++++++++++                                   |"
"1"," "
"1","30% ~02s          "
"1",""
"1"," "
"1"," |++++++++++++++++                                  |"
"1"," "
"1","31% ~02s          "
"1",""
"1"," "
"1"," |++++++++++++++++                                  |"
"1"," "
"1","32% ~02s          "
"1",""
"1"," "
"1"," |+++++++++++++++++                                 |"
"1"," "
"1","33% ~02s          "
"1",""
"1"," "
"1"," |+++++++++++++++++                                 |"
"1"," "
"1","34% ~02s          "
"1",""
"1"," "
"1"," |++++++++++++++++++                                |"
"1"," "
"1","35% ~02s          "
"1",""
"1"," "
"1"," |++++++++++++++++++                                |"
"1"," "
"1","36% ~02s          "
"1",""
"1"," "
"1"," |+++++++++++++++++++                               |"
"1"," "
"1","37% ~02s          "
"1",""
"1"," "
"1"," |+++++++++++++++++++                               |"
"1"," "
"1","38% ~02s          "
"1",""
"1"," "
"1"," |++++++++++++++++++++                              |"
"1"," "
"1","39% ~02s          "
"1",""
"1"," "
"1"," |++++++++++++++++++++                              |"
"1"," "
"1","40% ~02s          "
"1",""
"1"," "
"1"," |+++++++++++++++++++++                             |"
"1"," "
"1","41% ~02s          "
"1",""
"1"," "
"1"," |+++++++++++++++++++++                             |"
"1"," "
"1","42% ~02s          "
"1",""
"1"," "
"1"," |++++++++++++++++++++++                            |"
"1"," "
"1","43% ~02s          "
"1",""
"1"," "
"1"," |++++++++++++++++++++++                            |"
"1"," "
"1","44% ~02s          "
"1",""
"1"," "
"1"," |+++++++++++++++++++++++                           |"
"1"," "
"1","45% ~02s          "
"1",""
"1"," "
"1"," |+++++++++++++++++++++++                           |"
"1"," "
"1","46% ~02s          "
"1",""
"1"," "
"1"," |++++++++++++++++++++++++                          |"
"1"," "
"1","47% ~02s          "
"1",""
"1"," "
"1"," |++++++++++++++++++++++++                          |"
"1"," "
"1","48% ~02s          "
"1",""
"1"," "
"1"," |+++++++++++++++++++++++++                         |"
"1"," "
"1","49% ~02s          "
"1",""
"1"," "
"1"," |+++++++++++++++++++++++++                         |"
"1"," "
"1","50% ~02s          "
"1",""
"1"," "
"1"," |++++++++++++++++++++++++++                        |"
"1"," "
"1","51% ~02s          "
"1",""
"1"," "
"1"," |++++++++++++++++++++++++++                        |"
"1"," "
"1","52% ~02s          "
"1",""
"1"," "
"1"," |+++++++++++++++++++++++++++                       |"
"1"," "
"1","53% ~02s          "
"1",""
"1"," "
"1"," |+++++++++++++++++++++++++++                       |"
"1"," "
"1","54% ~02s          "
"1",""
"1"," "
"1"," |++++++++++++++++++++++++++++                      |"
"1"," "
"1","55% ~02s          "
"1",""
"1"," "
"1"," |++++++++++++++++++++++++++++                      |"
"1"," "
"1","56% ~02s          "
"1",""
"1"," "
"1"," |+++++++++++++++++++++++++++++                     |"
"1"," "
"1","57% ~02s          "
"1",""
"1"," "
"1"," |+++++++++++++++++++++++++++++                     |"
"1"," "
"1","58% ~02s          "
"1",""
"1"," "
"1"," |++++++++++++++++++++++++++++++                    |"
"1"," "
"1","59% ~02s          "
"1",""
"1"," "
"1"," |++++++++++++++++++++++++++++++                    |"
"1"," "
"1","60% ~01s          "
"1",""
"1"," "
"1"," |+++++++++++++++++++++++++++++++                   |"
"1"," "
"1","61% ~01s          "
"1",""
"1"," "
"1"," |+++++++++++++++++++++++++++++++                   |"
"1"," "
"1","62% ~01s          "
"1",""
"1"," "
"1"," |++++++++++++++++++++++++++++++++                  |"
"1"," "
"1","63% ~01s          "
"1",""
"1"," "
"1"," |++++++++++++++++++++++++++++++++                  |"
"1"," "
"1","64% ~01s          "
"1",""
"1"," "
"1"," |+++++++++++++++++++++++++++++++++                 |"
"1"," "
"1","65% ~01s          "
"1",""
"1"," "
"1"," |+++++++++++++++++++++++++++++++++                 |"
"1"," "
"1","66% ~01s          "
"1",""
"1"," "
"1"," |++++++++++++++++++++++++++++++++++                |"
"1"," "
"1","67% ~01s          "
"1",""
"1"," "
"1"," |++++++++++++++++++++++++++++++++++                |"
"1"," "
"1","68% ~01s          "
"1",""
"1"," "
"1"," |+++++++++++++++++++++++++++++++++++               |"
"1"," "
"1","69% ~01s          "
"1",""
"1"," "
"1"," |+++++++++++++++++++++++++++++++++++               |"
"1"," "
"1","70% ~01s          "
"1",""
"1"," "
"1"," |++++++++++++++++++++++++++++++++++++              |"
"1"," "
"1","71% ~01s          "
"1",""
"1"," "
"1"," |++++++++++++++++++++++++++++++++++++              |"
"1"," "
"1","72% ~01s          "
"1",""
"1"," "
"1"," |+++++++++++++++++++++++++++++++++++++             |"
"1"," "
"1","73% ~01s          "
"1",""
"1"," "
"1"," |+++++++++++++++++++++++++++++++++++++             |"
"1"," "
"1","74% ~01s          "
"1",""
"1"," "
"1"," |++++++++++++++++++++++++++++++++++++++            |"
"1"," "
"1","75% ~01s          "
"1",""
"1"," "
"1"," |++++++++++++++++++++++++++++++++++++++            |"
"1"," "
"1","76% ~01s          "
"1",""
"1"," "
"1"," |+++++++++++++++++++++++++++++++++++++++           |"
"1"," "
"1","77% ~01s          "
"1",""
"1"," "
"1"," |+++++++++++++++++++++++++++++++++++++++           |"
"1"," "
"1","78% ~01s          "
"1",""
"1"," "
"1"," |++++++++++++++++++++++++++++++++++++++++          |"
"1"," "
"1","79% ~01s          "
"1",""
"1"," "
"1"," |++++++++++++++++++++++++++++++++++++++++          |"
"1"," "
"1","80% ~01s          "
"1",""
"1"," "
"1"," |+++++++++++++++++++++++++++++++++++++++++         |"
"1"," "
"1","81% ~01s          "
"1",""
"1"," "
"1"," |+++++++++++++++++++++++++++++++++++++++++         |"
"1"," "
"1","82% ~01s          "
"1",""
"1"," "
"1"," |++++++++++++++++++++++++++++++++++++++++++        |"
"1"," "
"1","83% ~01s          "
"1",""
"1"," "
"1"," |++++++++++++++++++++++++++++++++++++++++++        |"
"1"," "
"1","84% ~01s          "
"1",""
"1"," "
"1"," |+++++++++++++++++++++++++++++++++++++++++++       |"
"1"," "
"1","85% ~01s          "
"1",""
"1"," "
"1"," |+++++++++++++++++++++++++++++++++++++++++++       |"
"1"," "
"1","86% ~00s          "
"1",""
"1"," "
"1"," |++++++++++++++++++++++++++++++++++++++++++++      |"
"1"," "
"1","87% ~00s          "
"1",""
"1"," "
"1"," |++++++++++++++++++++++++++++++++++++++++++++      |"
"1"," "
"1","88% ~00s          "
"1",""
"1"," "
"1"," |+++++++++++++++++++++++++++++++++++++++++++++     |"
"1"," "
"1","89% ~00s          "
"1",""
"1"," "
"1"," |+++++++++++++++++++++++++++++++++++++++++++++     |"
"1"," "
"1","90% ~00s          "
"1",""
"1"," "
"1"," |++++++++++++++++++++++++++++++++++++++++++++++    |"
"1"," "
"1","91% ~00s          "
"1",""
"1"," "
"1"," |++++++++++++++++++++++++++++++++++++++++++++++    |"
"1"," "
"1","92% ~00s          "
"1",""
"1"," "
"1"," |+++++++++++++++++++++++++++++++++++++++++++++++   |"
"1"," "
"1","93% ~00s          "
"1",""
"1"," "
"1"," |+++++++++++++++++++++++++++++++++++++++++++++++   |"
"1"," "
"1","94% ~00s          "
"1",""
"1"," "
"1"," |++++++++++++++++++++++++++++++++++++++++++++++++  |"
"1"," "
"1","95% ~00s          "
"1",""
"1"," "
"1"," |++++++++++++++++++++++++++++++++++++++++++++++++  |"
"1"," "
"1","96% ~00s          "
"1",""
"1"," "
"1"," |+++++++++++++++++++++++++++++++++++++++++++++++++ |"
"1"," "
"1","97% ~00s          "
"1",""
"1"," "
"1"," |+++++++++++++++++++++++++++++++++++++++++++++++++ |"
"1"," "
"1","98% ~00s          "
"1",""
"1"," "
"1"," |++++++++++++++++++++++++++++++++++++++++++++++++++|"
"1"," "
"1","99% ~00s          "
"1",""
"1"," "
"1"," |++++++++++++++++++++++++++++++++++++++++++++++++++|"
"1"," "
"1","100% elapsed=03s  "
"1","
"
"0","#qte.lpsid <- est_qte(Y, treat, covar, data = lpsid) # adjusted"
"0","#qte.lpsid0 <- est_qte(Y, treat, NULL, data = lpsid) # unadjusted"
"0","qte.lpsid.trim <- est_qte(Y, treat, covar, data = ldw_psid_trim) # adjusted"
"1",""
"1"," "
"1"," |                                                  |"
"1"," "
"1","0 % ~calculating  "
"1",""
"1"," "
"1"," |+                                                 |"
"1"," "
"1","1 % ~17s          "
"1",""
"1"," "
"1"," |+                                                 |"
"1"," "
"1","2 % ~14s          "
"1",""
"1"," "
"1"," |++                                                |"
"1"," "
"1","3 % ~12s          "
"1",""
"1"," "
"1"," |++                                                |"
"1"," "
"1","4 % ~12s          "
"1",""
"1"," "
"1"," |+++                                               |"
"1"," "
"1","5 % ~12s          "
"1",""
"1"," "
"1"," |+++                                               |"
"1"," "
"1","6 % ~13s          "
"1",""
"1"," "
"1"," |++++                                              |"
"1"," "
"1","7 % ~13s          "
"1",""
"1"," "
"1"," |++++                                              |"
"1"," "
"1","8 % ~14s          "
"1",""
"1"," "
"1"," |+++++                                             |"
"1"," "
"1","9 % ~16s          "
"1",""
"1"," "
"1"," |+++++                                             |"
"1"," "
"1","10% ~17s          "
"1",""
"1"," "
"1"," |++++++                                            |"
"1"," "
"1","11% ~18s          "
"1",""
"1"," "
"1"," |++++++                                            |"
"1"," "
"1","12% ~17s          "
"1",""
"1"," "
"1"," |+++++++                                           |"
"1"," "
"1","13% ~16s          "
"1",""
"1"," "
"1"," |+++++++                                           |"
"1"," "
"1","14% ~15s          "
"1",""
"1"," "
"1"," |++++++++                                          |"
"1"," "
"1","15% ~15s          "
"1",""
"1"," "
"1"," |++++++++                                          |"
"1"," "
"1","16% ~14s          "
"1",""
"1"," "
"1"," |+++++++++                                         |"
"1"," "
"1","17% ~14s          "
"1",""
"1"," "
"1"," |+++++++++                                         |"
"1"," "
"1","18% ~13s          "
"1",""
"1"," "
"1"," |++++++++++                                        |"
"1"," "
"1","19% ~13s          "
"1",""
"1"," "
"1"," |++++++++++                                        |"
"1"," "
"1","20% ~12s          "
"1",""
"1"," "
"1"," |+++++++++++                                       |"
"1"," "
"1","21% ~12s          "
"1",""
"1"," "
"1"," |+++++++++++                                       |"
"1"," "
"1","22% ~12s          "
"1",""
"1"," "
"1"," |++++++++++++                                      |"
"1"," "
"1","23% ~11s          "
"1",""
"1"," "
"1"," |++++++++++++                                      |"
"1"," "
"1","24% ~11s          "
"1",""
"1"," "
"1"," |+++++++++++++                                     |"
"1"," "
"1","25% ~11s          "
"1",""
"1"," "
"1"," |+++++++++++++                                     |"
"1"," "
"1","26% ~12s          "
"1",""
"1"," "
"1"," |++++++++++++++                                    |"
"1"," "
"1","27% ~12s          "
"1",""
"1"," "
"1"," |++++++++++++++                                    |"
"1"," "
"1","28% ~11s          "
"1",""
"1"," "
"1"," |+++++++++++++++                                   |"
"1"," "
"1","29% ~11s          "
"1",""
"1"," "
"1"," |+++++++++++++++                                   |"
"1"," "
"1","30% ~11s          "
"1",""
"1"," "
"1"," |++++++++++++++++                                  |"
"1"," "
"1","31% ~11s          "
"1",""
"1"," "
"1"," |++++++++++++++++                                  |"
"1"," "
"1","32% ~10s          "
"1",""
"1"," "
"1"," |+++++++++++++++++                                 |"
"1"," "
"1","33% ~10s          "
"1",""
"1"," "
"1"," |+++++++++++++++++                                 |"
"1"," "
"1","34% ~10s          "
"1",""
"1"," "
"1"," |++++++++++++++++++                                |"
"1"," "
"1","35% ~10s          "
"1",""
"1"," "
"1"," |++++++++++++++++++                                |"
"1"," "
"1","36% ~09s          "
"1",""
"1"," "
"1"," |+++++++++++++++++++                               |"
"1"," "
"1","37% ~09s          "
"1",""
"1"," "
"1"," |+++++++++++++++++++                               |"
"1"," "
"1","38% ~09s          "
"1",""
"1"," "
"1"," |++++++++++++++++++++                              |"
"1"," "
"1","39% ~09s          "
"1",""
"1"," "
"1"," |++++++++++++++++++++                              |"
"1"," "
"1","40% ~09s          "
"1",""
"1"," "
"1"," |+++++++++++++++++++++                             |"
"1"," "
"1","41% ~09s          "
"1",""
"1"," "
"1"," |+++++++++++++++++++++                             |"
"1"," "
"1","42% ~08s          "
"1",""
"1"," "
"1"," |++++++++++++++++++++++                            |"
"1"," "
"1","43% ~08s          "
"1",""
"1"," "
"1"," |++++++++++++++++++++++                            |"
"1"," "
"1","44% ~08s          "
"1",""
"1"," "
"1"," |+++++++++++++++++++++++                           |"
"1"," "
"1","45% ~08s          "
"1",""
"1"," "
"1"," |+++++++++++++++++++++++                           |"
"1"," "
"1","46% ~08s          "
"1",""
"1"," "
"1"," |++++++++++++++++++++++++                          |"
"1"," "
"1","47% ~07s          "
"1",""
"1"," "
"1"," |++++++++++++++++++++++++                          |"
"1"," "
"1","48% ~07s          "
"1",""
"1"," "
"1"," |+++++++++++++++++++++++++                         |"
"1"," "
"1","49% ~07s          "
"1",""
"1"," "
"1"," |+++++++++++++++++++++++++                         |"
"1"," "
"1","50% ~07s          "
"1",""
"1"," "
"1"," |++++++++++++++++++++++++++                        |"
"1"," "
"1","51% ~07s          "
"1",""
"1"," "
"1"," |++++++++++++++++++++++++++                        |"
"1"," "
"1","52% ~07s          "
"1",""
"1"," "
"1"," |+++++++++++++++++++++++++++                       |"
"1"," "
"1","53% ~06s          "
"1",""
"1"," "
"1"," |+++++++++++++++++++++++++++                       |"
"1"," "
"1","54% ~06s          "
"1",""
"1"," "
"1"," |++++++++++++++++++++++++++++                      |"
"1"," "
"1","55% ~06s          "
"1",""
"1"," "
"1"," |++++++++++++++++++++++++++++                      |"
"1"," "
"1","56% ~06s          "
"1",""
"1"," "
"1"," |+++++++++++++++++++++++++++++                     |"
"1"," "
"1","57% ~06s          "
"1",""
"1"," "
"1"," |+++++++++++++++++++++++++++++                     |"
"1"," "
"1","58% ~06s          "
"1",""
"1"," "
"1"," |++++++++++++++++++++++++++++++                    |"
"1"," "
"1","59% ~05s          "
"1",""
"1"," "
"1"," |++++++++++++++++++++++++++++++                    |"
"1"," "
"1","60% ~05s          "
"1",""
"1"," "
"1"," |+++++++++++++++++++++++++++++++                   |"
"1"," "
"1","61% ~05s          "
"1",""
"1"," "
"1"," |+++++++++++++++++++++++++++++++                   |"
"1"," "
"1","62% ~05s          "
"1",""
"1"," "
"1"," |++++++++++++++++++++++++++++++++                  |"
"1"," "
"1","63% ~05s          "
"1",""
"1"," "
"1"," |++++++++++++++++++++++++++++++++                  |"
"1"," "
"1","64% ~05s          "
"1",""
"1"," "
"1"," |+++++++++++++++++++++++++++++++++                 |"
"1"," "
"1","65% ~05s          "
"1",""
"1"," "
"1"," |+++++++++++++++++++++++++++++++++                 |"
"1"," "
"1","66% ~04s          "
"1",""
"1"," "
"1"," |++++++++++++++++++++++++++++++++++                |"
"1"," "
"1","67% ~04s          "
"1",""
"1"," "
"1"," |++++++++++++++++++++++++++++++++++                |"
"1"," "
"1","68% ~04s          "
"1",""
"1"," "
"1"," |+++++++++++++++++++++++++++++++++++               |"
"1"," "
"1","69% ~04s          "
"1",""
"1"," "
"1"," |+++++++++++++++++++++++++++++++++++               |"
"1"," "
"1","70% ~04s          "
"1",""
"1"," "
"1"," |++++++++++++++++++++++++++++++++++++              |"
"1"," "
"1","71% ~04s          "
"1",""
"1"," "
"1"," |++++++++++++++++++++++++++++++++++++              |"
"1"," "
"1","72% ~04s          "
"1",""
"1"," "
"1"," |+++++++++++++++++++++++++++++++++++++             |"
"1"," "
"1","73% ~03s          "
"1",""
"1"," "
"1"," |+++++++++++++++++++++++++++++++++++++             |"
"1"," "
"1","74% ~03s          "
"1",""
"1"," "
"1"," |++++++++++++++++++++++++++++++++++++++            |"
"1"," "
"1","75% ~03s          "
"1",""
"1"," "
"1"," |++++++++++++++++++++++++++++++++++++++            |"
"1"," "
"1","76% ~03s          "
"1",""
"1"," "
"1"," |+++++++++++++++++++++++++++++++++++++++           |"
"1"," "
"1","77% ~03s          "
"1",""
"1"," "
"1"," |+++++++++++++++++++++++++++++++++++++++           |"
"1"," "
"1","78% ~03s          "
"1",""
"1"," "
"1"," |++++++++++++++++++++++++++++++++++++++++          |"
"1"," "
"1","79% ~03s          "
"1",""
"1"," "
"1"," |++++++++++++++++++++++++++++++++++++++++          |"
"1"," "
"1","80% ~03s          "
"1",""
"1"," "
"1"," |+++++++++++++++++++++++++++++++++++++++++         |"
"1"," "
"1","81% ~02s          "
"1",""
"1"," "
"1"," |+++++++++++++++++++++++++++++++++++++++++         |"
"1"," "
"1","82% ~02s          "
"1",""
"1"," "
"1"," |++++++++++++++++++++++++++++++++++++++++++        |"
"1"," "
"1","83% ~02s          "
"1",""
"1"," "
"1"," |++++++++++++++++++++++++++++++++++++++++++        |"
"1"," "
"1","84% ~02s          "
"1",""
"1"," "
"1"," |+++++++++++++++++++++++++++++++++++++++++++       |"
"1"," "
"1","85% ~02s          "
"1",""
"1"," "
"1"," |+++++++++++++++++++++++++++++++++++++++++++       |"
"1"," "
"1","86% ~02s          "
"1",""
"1"," "
"1"," |++++++++++++++++++++++++++++++++++++++++++++      |"
"1"," "
"1","87% ~02s          "
"1",""
"1"," "
"1"," |++++++++++++++++++++++++++++++++++++++++++++      |"
"1"," "
"1","88% ~02s          "
"1",""
"1"," "
"1"," |+++++++++++++++++++++++++++++++++++++++++++++     |"
"1"," "
"1","89% ~01s          "
"1",""
"1"," "
"1"," |+++++++++++++++++++++++++++++++++++++++++++++     |"
"1"," "
"1","90% ~01s          "
"1",""
"1"," "
"1"," |++++++++++++++++++++++++++++++++++++++++++++++    |"
"1"," "
"1","91% ~01s          "
"1",""
"1"," "
"1"," |++++++++++++++++++++++++++++++++++++++++++++++    |"
"1"," "
"1","92% ~01s          "
"1",""
"1"," "
"1"," |+++++++++++++++++++++++++++++++++++++++++++++++   |"
"1"," "
"1","93% ~01s          "
"1",""
"1"," "
"1"," |+++++++++++++++++++++++++++++++++++++++++++++++   |"
"1"," "
"1","94% ~01s          "
"1",""
"1"," "
"1"," |++++++++++++++++++++++++++++++++++++++++++++++++  |"
"1"," "
"1","95% ~01s          "
"1",""
"1"," "
"1"," |++++++++++++++++++++++++++++++++++++++++++++++++  |"
"1"," "
"1","96% ~00s          "
"1",""
"1"," "
"1"," |+++++++++++++++++++++++++++++++++++++++++++++++++ |"
"1"," "
"1","97% ~00s          "
"1",""
"1"," "
"1"," |+++++++++++++++++++++++++++++++++++++++++++++++++ |"
"1"," "
"1","98% ~00s          "
"1",""
"1"," "
"1"," |++++++++++++++++++++++++++++++++++++++++++++++++++|"
"1"," "
"1","99% ~00s          "
"1",""
"1"," "
"1"," |++++++++++++++++++++++++++++++++++++++++++++++++++|"
"1"," "
"1","100% elapsed=12s  "
"1","
"
"0","qte.lpsid.trim0 <- est_qte(Y, treat, NULL, data = ldw_psid_trim) # unadjusted"
"1",""
"1"," "
"1"," |                                                  |"
"1"," "
"1","0 % ~calculating  "
"1",""
"1"," "
"1"," |+                                                 |"
"1"," "
"1","1 % ~03s          "
"1",""
"1"," "
"1"," |+                                                 |"
"1"," "
"1","2 % ~02s          "
"1",""
"1"," "
"1"," |++                                                |"
"1"," "
"1","3 % ~02s          "
"1",""
"1"," "
"1"," |++                                                |"
"1"," "
"1","4 % ~02s          "
"1",""
"1"," "
"1"," |+++                                               |"
"1"," "
"1","5 % ~02s          "
"1",""
"1"," "
"1"," |+++                                               |"
"1"," "
"1","6 % ~02s          "
"1",""
"1"," "
"1"," |++++                                              |"
"1"," "
"1","7 % ~02s          "
"1",""
"1"," "
"1"," |++++                                              |"
"1"," "
"1","8 % ~02s          "
"1",""
"1"," "
"1"," |+++++                                             |"
"1"," "
"1","9 % ~02s          "
"1",""
"1"," "
"1"," |+++++                                             |"
"1"," "
"1","10% ~02s          "
"1",""
"1"," "
"1"," |++++++                                            |"
"1"," "
"1","11% ~02s          "
"1",""
"1"," "
"1"," |++++++                                            |"
"1"," "
"1","12% ~02s          "
"1",""
"1"," "
"1"," |+++++++                                           |"
"1"," "
"1","13% ~02s          "
"1",""
"1"," "
"1"," |+++++++                                           |"
"1"," "
"1","14% ~02s          "
"1",""
"1"," "
"1"," |++++++++                                          |"
"1"," "
"1","15% ~02s          "
"1",""
"1"," "
"1"," |++++++++                                          |"
"1"," "
"1","16% ~02s          "
"1",""
"1"," "
"1"," |+++++++++                                         |"
"1"," "
"1","17% ~02s          "
"1",""
"1"," "
"1"," |+++++++++                                         |"
"1"," "
"1","18% ~02s          "
"1",""
"1"," "
"1"," |++++++++++                                        |"
"1"," "
"1","19% ~02s          "
"1",""
"1"," "
"1"," |++++++++++                                        |"
"1"," "
"1","20% ~02s          "
"1",""
"1"," "
"1"," |+++++++++++                                       |"
"1"," "
"1","21% ~02s          "
"1",""
"1"," "
"1"," |+++++++++++                                       |"
"1"," "
"1","22% ~02s          "
"1",""
"1"," "
"1"," |++++++++++++                                      |"
"1"," "
"1","23% ~02s          "
"1",""
"1"," "
"1"," |++++++++++++                                      |"
"1"," "
"1","24% ~02s          "
"1",""
"1"," "
"1"," |+++++++++++++                                     |"
"1"," "
"1","25% ~02s          "
"1",""
"1"," "
"1"," |+++++++++++++                                     |"
"1"," "
"1","26% ~02s          "
"1",""
"1"," "
"1"," |++++++++++++++                                    |"
"1"," "
"1","27% ~02s          "
"1",""
"1"," "
"1"," |++++++++++++++                                    |"
"1"," "
"1","28% ~01s          "
"1",""
"1"," "
"1"," |+++++++++++++++                                   |"
"1"," "
"1","29% ~01s          "
"1",""
"1"," "
"1"," |+++++++++++++++                                   |"
"1"," "
"1","30% ~01s          "
"1",""
"1"," "
"1"," |++++++++++++++++                                  |"
"1"," "
"1","31% ~01s          "
"1",""
"1"," "
"1"," |++++++++++++++++                                  |"
"1"," "
"1","32% ~01s          "
"1",""
"1"," "
"1"," |+++++++++++++++++                                 |"
"1"," "
"1","33% ~01s          "
"1",""
"1"," "
"1"," |+++++++++++++++++                                 |"
"1"," "
"1","34% ~01s          "
"1",""
"1"," "
"1"," |++++++++++++++++++                                |"
"1"," "
"1","35% ~01s          "
"1",""
"1"," "
"1"," |++++++++++++++++++                                |"
"1"," "
"1","36% ~01s          "
"1",""
"1"," "
"1"," |+++++++++++++++++++                               |"
"1"," "
"1","37% ~02s          "
"1",""
"1"," "
"1"," |+++++++++++++++++++                               |"
"1"," "
"1","38% ~02s          "
"1",""
"1"," "
"1"," |++++++++++++++++++++                              |"
"1"," "
"1","39% ~01s          "
"1",""
"1"," "
"1"," |++++++++++++++++++++                              |"
"1"," "
"1","40% ~01s          "
"1",""
"1"," "
"1"," |+++++++++++++++++++++                             |"
"1"," "
"1","41% ~01s          "
"1",""
"1"," "
"1"," |+++++++++++++++++++++                             |"
"1"," "
"1","42% ~01s          "
"1",""
"1"," "
"1"," |++++++++++++++++++++++                            |"
"1"," "
"1","43% ~01s          "
"1",""
"1"," "
"1"," |++++++++++++++++++++++                            |"
"1"," "
"1","44% ~01s          "
"1",""
"1"," "
"1"," |+++++++++++++++++++++++                           |"
"1"," "
"1","45% ~01s          "
"1",""
"1"," "
"1"," |+++++++++++++++++++++++                           |"
"1"," "
"1","46% ~01s          "
"1",""
"1"," "
"1"," |++++++++++++++++++++++++                          |"
"1"," "
"1","47% ~01s          "
"1",""
"1"," "
"1"," |++++++++++++++++++++++++                          |"
"1"," "
"1","48% ~01s          "
"1",""
"1"," "
"1"," |+++++++++++++++++++++++++                         |"
"1"," "
"1","49% ~01s          "
"1",""
"1"," "
"1"," |+++++++++++++++++++++++++                         |"
"1"," "
"1","50% ~01s          "
"1",""
"1"," "
"1"," |++++++++++++++++++++++++++                        |"
"1"," "
"1","51% ~01s          "
"1",""
"1"," "
"1"," |++++++++++++++++++++++++++                        |"
"1"," "
"1","52% ~01s          "
"1",""
"1"," "
"1"," |+++++++++++++++++++++++++++                       |"
"1"," "
"1","53% ~01s          "
"1",""
"1"," "
"1"," |+++++++++++++++++++++++++++                       |"
"1"," "
"1","54% ~01s          "
"1",""
"1"," "
"1"," |++++++++++++++++++++++++++++                      |"
"1"," "
"1","55% ~01s          "
"1",""
"1"," "
"1"," |++++++++++++++++++++++++++++                      |"
"1"," "
"1","56% ~01s          "
"1",""
"1"," "
"1"," |+++++++++++++++++++++++++++++                     |"
"1"," "
"1","57% ~01s          "
"1",""
"1"," "
"1"," |+++++++++++++++++++++++++++++                     |"
"1"," "
"1","58% ~01s          "
"1",""
"1"," "
"1"," |++++++++++++++++++++++++++++++                    |"
"1"," "
"1","59% ~01s          "
"1",""
"1"," "
"1"," |++++++++++++++++++++++++++++++                    |"
"1"," "
"1","60% ~01s          "
"1",""
"1"," "
"1"," |+++++++++++++++++++++++++++++++                   |"
"1"," "
"1","61% ~01s          "
"1",""
"1"," "
"1"," |+++++++++++++++++++++++++++++++                   |"
"1"," "
"1","62% ~01s          "
"1",""
"1"," "
"1"," |++++++++++++++++++++++++++++++++                  |"
"1"," "
"1","63% ~01s          "
"1",""
"1"," "
"1"," |++++++++++++++++++++++++++++++++                  |"
"1"," "
"1","64% ~01s          "
"1",""
"1"," "
"1"," |+++++++++++++++++++++++++++++++++                 |"
"1"," "
"1","65% ~01s          "
"1",""
"1"," "
"1"," |+++++++++++++++++++++++++++++++++                 |"
"1"," "
"1","66% ~01s          "
"1",""
"1"," "
"1"," |++++++++++++++++++++++++++++++++++                |"
"1"," "
"1","67% ~01s          "
"1",""
"1"," "
"1"," |++++++++++++++++++++++++++++++++++                |"
"1"," "
"1","68% ~01s          "
"1",""
"1"," "
"1"," |+++++++++++++++++++++++++++++++++++               |"
"1"," "
"1","69% ~01s          "
"1",""
"1"," "
"1"," |+++++++++++++++++++++++++++++++++++               |"
"1"," "
"1","70% ~01s          "
"1",""
"1"," "
"1"," |++++++++++++++++++++++++++++++++++++              |"
"1"," "
"1","71% ~01s          "
"1",""
"1"," "
"1"," |++++++++++++++++++++++++++++++++++++              |"
"1"," "
"1","72% ~01s          "
"1",""
"1"," "
"1"," |+++++++++++++++++++++++++++++++++++++             |"
"1"," "
"1","73% ~01s          "
"1",""
"1"," "
"1"," |+++++++++++++++++++++++++++++++++++++             |"
"1"," "
"1","74% ~01s          "
"1",""
"1"," "
"1"," |++++++++++++++++++++++++++++++++++++++            |"
"1"," "
"1","75% ~01s          "
"1",""
"1"," "
"1"," |++++++++++++++++++++++++++++++++++++++            |"
"1"," "
"1","76% ~01s          "
"1",""
"1"," "
"1"," |+++++++++++++++++++++++++++++++++++++++           |"
"1"," "
"1","77% ~01s          "
"1",""
"1"," "
"1"," |+++++++++++++++++++++++++++++++++++++++           |"
"1"," "
"1","78% ~01s          "
"1",""
"1"," "
"1"," |++++++++++++++++++++++++++++++++++++++++          |"
"1"," "
"1","79% ~01s          "
"1",""
"1"," "
"1"," |++++++++++++++++++++++++++++++++++++++++          |"
"1"," "
"1","80% ~01s          "
"1",""
"1"," "
"1"," |+++++++++++++++++++++++++++++++++++++++++         |"
"1"," "
"1","81% ~01s          "
"1",""
"1"," "
"1"," |+++++++++++++++++++++++++++++++++++++++++         |"
"1"," "
"1","82% ~00s          "
"1",""
"1"," "
"1"," |++++++++++++++++++++++++++++++++++++++++++        |"
"1"," "
"1","83% ~00s          "
"1",""
"1"," "
"1"," |++++++++++++++++++++++++++++++++++++++++++        |"
"1"," "
"1","84% ~00s          "
"1",""
"1"," "
"1"," |+++++++++++++++++++++++++++++++++++++++++++       |"
"1"," "
"1","85% ~00s          "
"1",""
"1"," "
"1"," |+++++++++++++++++++++++++++++++++++++++++++       |"
"1"," "
"1","86% ~00s          "
"1",""
"1"," "
"1"," |++++++++++++++++++++++++++++++++++++++++++++      |"
"1"," "
"1","87% ~00s          "
"1",""
"1"," "
"1"," |++++++++++++++++++++++++++++++++++++++++++++      |"
"1"," "
"1","88% ~00s          "
"1",""
"1"," "
"1"," |+++++++++++++++++++++++++++++++++++++++++++++     |"
"1"," "
"1","89% ~00s          "
"1",""
"1"," "
"1"," |+++++++++++++++++++++++++++++++++++++++++++++     |"
"1"," "
"1","90% ~00s          "
"1",""
"1"," "
"1"," |++++++++++++++++++++++++++++++++++++++++++++++    |"
"1"," "
"1","91% ~00s          "
"1",""
"1"," "
"1"," |++++++++++++++++++++++++++++++++++++++++++++++    |"
"1"," "
"1","92% ~00s          "
"1",""
"1"," "
"1"," |+++++++++++++++++++++++++++++++++++++++++++++++   |"
"1"," "
"1","93% ~00s          "
"1",""
"1"," "
"1"," |+++++++++++++++++++++++++++++++++++++++++++++++   |"
"1"," "
"1","94% ~00s          "
"1",""
"1"," "
"1"," |++++++++++++++++++++++++++++++++++++++++++++++++  |"
"1"," "
"1","95% ~00s          "
"1",""
"1"," "
"1"," |++++++++++++++++++++++++++++++++++++++++++++++++  |"
"1"," "
"1","96% ~00s          "
"1",""
"1"," "
"1"," |+++++++++++++++++++++++++++++++++++++++++++++++++ |"
"1"," "
"1","97% ~00s          "
"1",""
"1"," "
"1"," |+++++++++++++++++++++++++++++++++++++++++++++++++ |"
"1"," "
"1","98% ~00s          "
"1",""
"1"," "
"1"," |++++++++++++++++++++++++++++++++++++++++++++++++++|"
"1"," "
"1","99% ~00s          "
"1",""
"1"," "
"1"," |++++++++++++++++++++++++++++++++++++++++++++++++++|"
"1"," "
"1","100% elapsed=03s  "
"1","
"
